"Reference,""Qty"",""Value"",""DNP"",""Exclude from BOM"",""Exclude from Board"",""Footprint"",""Datasheet"""
"C1,C2,C11,C12,""4"",""100n/16V"","""","""","""",""Capacitor_SMD:C_0603_1608Metric"",""~"""
"C3,C4,C13,C15,""4"",""22n/50V"","""","""","""",""Capacitor_SMD:C_0603_1608Metric"",""~"""
"C5,C6,C14,C16,""4"",""2,2u/6,3V"","""","""","""",""Capacitor_SMD:C_0603_1608Metric"",""~"""
"C7,C17,""2"",""680uF/35V"","""","""","""",""Capacitor_SMD:C_Elec_10x10.2"",""~"""
"C8,""1"",""220uF/6,3V"","""","""","""",""Capacitor_SMD:C_Elec_6.3x5.4"",""~"""
"C9,C10,C18,C19,C20,""5"",""220nF/6,3V"","""","""","""",""Capacitor_SMD:C_0603_1608Metric"",""~"""
"C21,""1"",""4,7uF"","""","""","""",""Capacitor_SMD:C_Elec_10x10.2"",""~"""
"D1,""1"",""1N5819"","""","""","""",""Diode_THT:D_DO-41_SOD81_P10.16mm_Horizontal"",""http://www.vishay.com/docs/88525/1n5817.pdf"""
"D2,""1"",""D_Zener"","""","""","""",""Diode_SMD:D_MiniMELF"",""~"""
"D4,""1"",""1N5408"","""","""","""",""Diode_THT:D_DO-201AD_P15.24mm_Horizontal"",""http://www.vishay.com/docs/88516/1n5400.pdf"""
"J1,J2,J4,J6,""4"",""Conn_01x04_Socket"","""","""","""",""Connector_Phoenix_MC:PhoenixContact_MC_1,5_4-GF-3.81_1x04_P3.81mm_Horizontal_ThreadedFlange_MountHole"",""~"""
"J3,""1"",""Conn_01x02_Socket"","""","""","""",""Connector_JST:JST_XH_S2B-XH-A_1x02_P2.50mm_Horizontal"",""~"""
"J5,J7,J8,J9,J10,J11,""6"",""Conn_01x03_Socket"","""","""","""",""Connector_JST:JST_XH_S3B-XH-A_1x03_P2.50mm_Horizontal"",""~"""
"J12,""1"",""Conn_01x04_Pin"","""","""","""",""Connector_PinSocket_2.54mm:PinSocket_1x04_P2.54mm_Vertical_SMD_Pin1Left"",""~"""
"J13,""1"",""Conn_01x02_Socket"","""","""","""",""Connector_Phoenix_MC:PhoenixContact_MC_1,5_2-GF-3.5_1x02_P3.50mm_Horizontal_ThreadedFlange_MountHole"",""~"""
"J14,""1"",""Conn_01x04_Socket"","""","""","""",""Connector_JST:JST_XH_B4B-XH-A_1x04_P2.50mm_Vertical"",""~"""
"J15,J18,""2"",""Conn_01x04_Socket"","""","""","""",""Connector_JST:JST_XH_S4B-XH-A_1x04_P2.50mm_Horizontal"",""~"""
"J16,""1"",""Conn_01x02_Socket"","""","""","""",""Connector_Phoenix_MC:PhoenixContact_MC_1,5_2-G-3.81_1x02_P3.81mm_Horizontal"",""~"""
"J17,""1"",""Conn_01x02_Socket"","""","""","""",""Connector_JST:JST_XH_B2B-XH-A_1x02_P2.50mm_Vertical"",""~"""
"L1,""1"",""33uH"","""","""","""",""Inductor_SMD:L_7.3x7.3_H4.5"",""~"""
"Q3,""1"",""IRLZ44N"","""","""","""",""Package_TO_SOT_THT:TO-220-3_Vertical"",""http://www.irf.com/product-info/datasheets/data/irlz44n.pdf"""
"R1,""1"",""3,4k"","""","""","""",""Resistor_SMD:R_0603_1608Metric"",""~"""
"R2,""1"",""1k"","""","""","""",""Resistor_SMD:R_0603_1608Metric"",""~"""
"R3,R4,R5,R6,R9,R10,R12,R13,R19,R21,R24,R25,""12"",""10k"","""","""","""",""Resistor_SMD:R_0603_1608Metric"",""~"""
"R7,R8,R14,R15,R16,R17,R22,R23,""8"",""0,11R"","""","""","""",""Resistor_SMD:R_1206_3216Metric"",""~"""
"R11,""1"",""220R"","""","""","""",""Resistor_SMD:R_0603_1608Metric"",""~"""
"R18,""1"",""100R"","""","""","""",""Resistor_SMD:R_0603_1608Metric"",""~"""
"R20,""1"",""2,7k"","""","""","""",""Resistor_SMD:R_0603_1608Metric"",""~"""
"TH1,""1"",""Thermistor_NTC"","""","""","""",""Resistor_THT:R_Axial_DIN0204_L3.6mm_D1.6mm_P2.54mm_Vertical"",""~"""
"U1,""1"",""STM32F446RETx"","""","""","""",""Package_QFP:LQFP-64_10x10mm_P0.5mm"",""https://www.st.com/resource/en/datasheet/stm32f446re.pdf"""
"U2,U3,U6,U8,""4"",""TMC2209-LA"","""","""","""",""Package_DFN_QFN:VQFN-28-1EP_5x5mm_P0.5mm_EP3.7x3.7mm_ThermalVias"",""https://www.analog.com/media/en/technical-documentation/data-sheets/TMC2209_datasheet_rev1.09.pdf"""
"U4,""1"",""LM2596S-3.3"","""","""","""",""Package_TO_SOT_SMD:TO-263-5_TabPin3"",""http://www.ti.com/lit/ds/symlink/lm2596.pdf"""
"U5,""1"",""MX25L3233FM1"","""","""","""",""Package_SO:JEITA_SOIC-8_3.9x4.9mm_P1.27mm"",""https://www.macronix.com/Lists/Datasheet/Attachments/8377/MX25L3233F,%203V,%2032Mb,%20v1.1.pdf"""
"U7,U11,""2"",""AMS1117-3.3"","""","""","""",""Package_TO_SOT_SMD:SOT-223-3_TabPin2"",""http://www.advanced-monolithic.com/pdf/ds1117.pdf"""
"U9,U10,""2"",""PC817"","""","""","""",""Package_DIP:DIP-4_W7.62mm"",""http://www.soselectronic.cz/a_info/resource/d/pc817.pdf"""
"U12,""1"",""TP4056-42-ESOP8"","""","""","""",""Package_SO:SOIC-8-1EP_3.9x4.9mm_P1.27mm_EP2.41x3.3mm_ThermalVias"",""https://www.lcsc.com/datasheet/lcsc_datasheet_2410121619_TOPPOWER-Nanjing-Extension-Microelectronics-TP4056-42-ESOP8_C16581.pdf"""
